Analysis_ID,Mineral,Subgroup,SiO2,TiO2,Al2O3,Cr2O3,Fe2O3,FeO,MnO,MgO,CaO,Na2O,K2O,ZnO,F,Cl,Total,Rock_Type,Metamorphic_Grade,Source
GA-PEL-01,Garnet,Pelitic Schist,37.1,0.05,21.47,0.02,0.19,33.07,3.33,3.15,1.47,0.01,0.01,0.0,0.0,0.0,99.87,Pelitic Schist,Amphibolite Facies,Hollinetz et al. (2024) Eur. J. Mineral.
GA-PEL-02,Garnet,Pelitic Schist,37.2,0.04,21.08,0.02,0.17,33.42,3.11,2.96,1.56,0.01,0.01,0.0,0.0,0.0,99.58,Pelitic Schist,Amphibolite Facies,Hollinetz et al. (2024) Eur. J. Mineral.
GA-PEL-03,Garnet,Pelitic Schist,36.96,0.05,21.23,0.02,0.18,33.27,3.14,3.27,1.5,0.01,0.01,0.0,0.0,0.0,99.64,Pelitic Schist,Amphibolite Facies,Hollinetz et al. (2024) Eur. J. Mineral.
GA-PEL-04,Garnet,Pelitic Schist,37.42,0.04,21.29,0.02,0.22,33.58,3.2,3.08,1.44,0.01,0.01,0.0,0.0,0.0,100.31,Pelitic Schist,Amphibolite Facies,Hollinetz et al. (2024) Eur. J. Mineral.
GA-PEL-05,Garnet,Pelitic Schist,37.17,0.04,21.48,0.02,0.18,33.47,3.29,3.17,1.46,0.01,0.01,0.0,0.0,0.0,100.3,Pelitic Schist,Amphibolite Facies,Hollinetz et al. (2024) Eur. J. Mineral.
GA-ECL-01,Garnet,Eclogite,39.09,0.08,21.73,0.1,0.5,19.35,0.25,12.09,7.24,0.03,0.01,0.0,0.0,0.0,100.47,Mafic Eclogite,Eclogite Facies,Massonne & Kopp (2005) Eur. J. Mineral.
GA-ECL-02,Garnet,Eclogite,39.67,0.1,21.62,0.14,0.46,19.23,0.25,11.15,7.19,0.03,0.01,0.0,0.0,0.0,99.85,Mafic Eclogite,Eclogite Facies,Massonne & Kopp (2005) Eur. J. Mineral.
GA-ECL-03,Garnet,Eclogite,38.67,0.07,22.01,0.12,0.41,19.05,0.25,11.98,6.96,0.03,0.01,0.0,0.0,0.0,99.56,Mafic Eclogite,Eclogite Facies,Massonne & Kopp (2005) Eur. J. Mineral.
GA-ECL-04,Garnet,Eclogite,39.5,0.08,22.03,0.12,0.35,19.06,0.24,11.48,7.14,0.03,0.01,0.0,0.0,0.0,100.04,Mafic Eclogite,Eclogite Facies,Massonne & Kopp (2005) Eur. J. Mineral.
GA-ECL-05,Garnet,Eclogite,39.31,0.08,21.51,0.12,0.45,19.53,0.24,11.82,7.14,0.02,0.01,0.0,0.0,0.0,100.23,Mafic Eclogite,Eclogite Facies,Massonne & Kopp (2005) Eur. J. Mineral.
GA-GRA-01,Garnet,Granulite,38.03,0.05,21.78,0.01,0.32,28.69,0.71,7.55,2.87,0.01,0.01,0.0,0.0,0.0,100.03,Felsic Granulite,Granulite Facies,Vrana (2005) J. Geosci.
GA-GRA-02,Garnet,Granulite,38.05,0.06,21.69,0.01,0.27,28.52,0.96,7.54,2.93,0.01,0.01,0.0,0.0,0.0,100.05,Felsic Granulite,Granulite Facies,Vrana (2005) J. Geosci.
GA-GRA-03,Garnet,Granulite,38.11,0.07,21.37,0.01,0.32,28.37,0.88,7.82,2.82,0.01,0.01,0.0,0.0,0.0,99.79,Felsic Granulite,Granulite Facies,Vrana (2005) J. Geosci.
GA-GRA-04,Garnet,Granulite,38.76,0.06,21.4,0.01,0.25,28.54,0.99,7.56,2.96,0.01,0.01,0.0,0.0,0.0,100.55,Felsic Granulite,Granulite Facies,Vrana (2005) J. Geosci.
GA-GRA-05,Garnet,Granulite,38.3,0.05,21.66,0.01,0.3,28.67,0.89,8.01,2.91,0.01,0.01,0.0,0.0,0.0,100.82,Felsic Granulite,Granulite Facies,Vrana (2005) J. Geosci.
BI-GRE-01,Biotite,Greenschist Metapelite,35.31,1.3,18.09,0.02,0.48,19.71,0.19,11.05,0.07,0.11,8.92,0.0,0.2,0.04,95.49,Metapelite,Greenschist Facies,Hollinetz et al. (2024) Eur. J. Mineral.
BI-GRE-02,Biotite,Greenschist Metapelite,35.57,1.37,18.34,0.02,0.5,19.58,0.19,11.39,0.09,0.17,8.77,0.0,0.15,0.04,96.18,Metapelite,Greenschist Facies,Hollinetz et al. (2024) Eur. J. Mineral.
BI-GRE-03,Biotite,Greenschist Metapelite,34.89,1.47,18.19,0.02,0.56,19.49,0.17,11.2,0.07,0.14,8.82,0.0,0.18,0.05,95.25,Metapelite,Greenschist Facies,Hollinetz et al. (2024) Eur. J. Mineral.
BI-GRE-04,Biotite,Greenschist Metapelite,35.56,1.28,18.32,0.02,0.5,19.49,0.16,11.37,0.07,0.15,9.12,0.0,0.16,0.05,96.25,Metapelite,Greenschist Facies,Hollinetz et al. (2024) Eur. J. Mineral.
BI-GRE-05,Biotite,Greenschist Metapelite,34.88,1.36,18.43,0.02,0.44,19.84,0.19,11.52,0.07,0.14,9.05,0.0,0.16,0.05,96.15,Metapelite,Greenschist Facies,Hollinetz et al. (2024) Eur. J. Mineral.
BI-AMP-01,Biotite,Amphibolite Metapelite,34.83,2.35,17.51,0.01,0.3,22.11,0.14,8.77,0.04,0.26,8.95,0.0,0.27,0.03,95.57,Pelitic Schist,Amphibolite Facies,Spear (1993) Metamorphic Phase Equilibria
BI-AMP-02,Biotite,Amphibolite Metapelite,35.2,2.2,17.44,0.01,0.36,22.25,0.14,8.58,0.05,0.23,8.94,0.0,0.29,0.06,95.75,Pelitic Schist,Amphibolite Facies,Spear (1993) Metamorphic Phase Equilibria
BI-AMP-03,Biotite,Amphibolite Metapelite,35.36,2.27,17.2,0.01,0.48,21.98,0.15,8.45,0.04,0.25,9.3,0.0,0.25,0.06,95.8,Pelitic Schist,Amphibolite Facies,Spear (1993) Metamorphic Phase Equilibria
BI-AMP-04,Biotite,Amphibolite Metapelite,34.85,2.33,17.1,0.01,0.44,22.15,0.13,9.08,0.03,0.21,9.36,0.0,0.3,0.06,96.05,Pelitic Schist,Amphibolite Facies,Spear (1993) Metamorphic Phase Equilibria
BI-AMP-05,Biotite,Amphibolite Metapelite,35.2,2.22,16.99,0.01,0.37,22.13,0.13,9.05,0.05,0.23,9.26,0.0,0.26,0.06,95.96,Pelitic Schist,Amphibolite Facies,Spear (1993) Metamorphic Phase Equilibria
BI-GRA-01,Biotite,Granulite Metapelite,35.28,4.23,14.97,0.0,0.38,24.11,0.04,7.02,0.02,0.19,9.29,0.0,0.43,0.08,96.04,Garnet-Biotite Gneiss,Granulite Facies,Dwivedi et al. (2015) J. Earth Syst. Sci.
BI-GRA-02,Biotite,Granulite Metapelite,35.24,4.3,15.17,0.0,0.25,24.44,0.05,6.71,0.02,0.18,9.25,0.0,0.4,0.09,96.1,Garnet-Biotite Gneiss,Granulite Facies,Dwivedi et al. (2015) J. Earth Syst. Sci.
BI-GRA-03,Biotite,Granulite Metapelite,35.16,4.03,15.16,0.0,0.28,24.73,0.06,7.04,0.02,0.17,8.95,0.0,0.43,0.09,96.12,Garnet-Biotite Gneiss,Granulite Facies,Dwivedi et al. (2015) J. Earth Syst. Sci.
BI-GRA-04,Biotite,Granulite Metapelite,35.1,4.24,15.39,0.0,0.28,24.56,0.05,6.73,0.02,0.17,9.19,0.0,0.38,0.1,96.21,Garnet-Biotite Gneiss,Granulite Facies,Dwivedi et al. (2015) J. Earth Syst. Sci.
BI-GRA-05,Biotite,Granulite Metapelite,35.26,4.21,15.2,0.0,0.25,24.23,0.05,7.13,0.02,0.15,8.83,0.0,0.29,0.09,95.71,Garnet-Biotite Gneiss,Granulite Facies,Dwivedi et al. (2015) J. Earth Syst. Sci.
PL-GRE-01,Plagioclase,Greenschist Albite,68.94,0.01,19.86,0.0,0.02,0.03,0.0,0.01,0.27,11.15,0.06,0.0,0.0,0.0,100.35,Greenschist,Greenschist Facies,Hollinetz et al. (2024) Eur. J. Mineral.
PL-GRE-02,Plagioclase,Greenschist Albite,68.26,0.01,19.69,0.0,0.02,0.04,0.0,0.01,0.23,11.57,0.05,0.0,0.0,0.0,99.88,Greenschist,Greenschist Facies,Hollinetz et al. (2024) Eur. J. Mineral.
PL-GRE-03,Plagioclase,Greenschist Albite,69.23,0.01,19.46,0.0,0.02,0.03,0.0,0.01,0.21,11.07,0.06,0.0,0.0,0.0,100.1,Greenschist,Greenschist Facies,Hollinetz et al. (2024) Eur. J. Mineral.
PL-GRE-04,Plagioclase,Greenschist Albite,68.58,0.01,19.59,0.0,0.02,0.03,0.0,0.01,0.32,11.56,0.06,0.0,0.0,0.0,100.18,Greenschist,Greenschist Facies,Hollinetz et al. (2024) Eur. J. Mineral.
PL-GRE-05,Plagioclase,Greenschist Albite,69.25,0.01,19.48,0.0,0.02,0.02,0.0,0.01,0.17,11.43,0.06,0.0,0.0,0.0,100.45,Greenschist,Greenschist Facies,Hollinetz et al. (2024) Eur. J. Mineral.
PL-AMP-01,Plagioclase,Amphibolite Oligoclase,64.25,0.01,22.33,0.0,0.03,0.05,0.0,0.02,3.87,8.92,0.12,0.0,0.0,0.0,99.6,Amphibolite Gneiss,Amphibolite Facies,Spear (1993) Metamorphic Phase Equilibria
PL-AMP-02,Plagioclase,Amphibolite Oligoclase,64.2,0.01,22.28,0.0,0.04,0.04,0.0,0.02,3.96,9.17,0.13,0.0,0.0,0.0,99.85,Amphibolite Gneiss,Amphibolite Facies,Spear (1993) Metamorphic Phase Equilibria
PL-AMP-03,Plagioclase,Amphibolite Oligoclase,63.97,0.01,22.51,0.0,0.04,0.04,0.0,0.03,3.9,9.35,0.13,0.0,0.0,0.0,99.98,Amphibolite Gneiss,Amphibolite Facies,Spear (1993) Metamorphic Phase Equilibria
PL-AMP-04,Plagioclase,Amphibolite Oligoclase,64.49,0.01,22.97,0.0,0.04,0.05,0.0,0.02,3.63,9.14,0.15,0.0,0.0,0.0,100.5,Amphibolite Gneiss,Amphibolite Facies,Spear (1993) Metamorphic Phase Equilibria
PL-AMP-05,Plagioclase,Amphibolite Oligoclase,64.0,0.01,22.7,0.0,0.06,0.06,0.0,0.02,3.76,9.05,0.12,0.0,0.0,0.0,99.78,Amphibolite Gneiss,Amphibolite Facies,Spear (1993) Metamorphic Phase Equilibria
PL-GRA-01,Plagioclase,Granulite Labradorite,56.3,0.02,27.69,0.0,0.1,0.14,0.01,0.04,9.64,6.0,0.23,0.0,0.0,0.0,100.17,Felsic Granulite,Granulite Facies,Vrana (2005) J. Geosci.
PL-GRA-02,Plagioclase,Granulite Labradorite,56.13,0.02,27.56,0.0,0.06,0.14,0.01,0.02,9.71,6.0,0.17,0.0,0.0,0.0,99.82,Felsic Granulite,Granulite Facies,Vrana (2005) J. Geosci.
PL-GRA-03,Plagioclase,Granulite Labradorite,56.12,0.02,27.52,0.0,0.08,0.12,0.01,0.03,9.37,6.24,0.2,0.0,0.0,0.0,99.71,Felsic Granulite,Granulite Facies,Vrana (2005) J. Geosci.
PL-GRA-04,Plagioclase,Granulite Labradorite,57.16,0.02,27.52,0.0,0.09,0.11,0.01,0.03,9.1,5.86,0.18,0.0,0.0,0.0,100.08,Felsic Granulite,Granulite Facies,Vrana (2005) J. Geosci.
PL-GRA-05,Plagioclase,Granulite Labradorite,56.47,0.02,27.47,0.0,0.08,0.1,0.01,0.03,9.35,6.08,0.21,0.0,0.0,0.0,99.82,Felsic Granulite,Granulite Facies,Vrana (2005) J. Geosci.
CL-OMP-01,Clinopyroxene,Omphacite,55.99,0.12,9.37,0.06,1.39,4.11,0.03,7.77,15.0,6.1,0.01,0.0,0.0,0.0,99.95,Eclogite,Eclogite Facies,Massonne & Kopp (2005) Eur. J. Mineral.
CL-OMP-02,Clinopyroxene,Omphacite,55.75,0.15,9.24,0.05,1.47,4.12,0.03,7.66,14.85,6.55,0.01,0.0,0.0,0.0,99.88,Eclogite,Eclogite Facies,Massonne & Kopp (2005) Eur. J. Mineral.
CL-OMP-03,Clinopyroxene,Omphacite,55.81,0.14,8.6,0.04,1.41,4.14,0.03,8.15,14.88,6.13,0.01,0.0,0.0,0.0,99.34,Eclogite,Eclogite Facies,Massonne & Kopp (2005) Eur. J. Mineral.
CL-OMP-04,Clinopyroxene,Omphacite,55.55,0.17,8.79,0.06,1.52,4.15,0.03,8.33,14.89,6.25,0.01,0.0,0.0,0.0,99.75,Eclogite,Eclogite Facies,Massonne & Kopp (2005) Eur. J. Mineral.
CL-OMP-05,Clinopyroxene,Omphacite,56.24,0.13,9.28,0.05,1.53,4.27,0.03,7.73,14.78,6.06,0.01,0.0,0.0,0.0,100.11,Eclogite,Eclogite Facies,Massonne & Kopp (2005) Eur. J. Mineral.
CL-GRA-01,Clinopyroxene,Granulite Augite,53.02,0.36,2.97,0.02,0.64,8.95,0.11,12.28,21.05,0.59,0.01,0.0,0.0,0.0,100.0,Mafic Granulite,Granulite Facies,Vrana (2005) J. Geosci.
CL-GRA-02,Clinopyroxene,Granulite Augite,52.85,0.35,3.11,0.02,0.61,8.67,0.13,12.86,21.29,0.51,0.01,0.0,0.0,0.0,100.41,Mafic Granulite,Granulite Facies,Vrana (2005) J. Geosci.
CL-GRA-03,Clinopyroxene,Granulite Augite,52.51,0.38,2.75,0.02,0.59,8.59,0.09,13.11,21.01,0.44,0.01,0.0,0.0,0.0,99.5,Mafic Granulite,Granulite Facies,Vrana (2005) J. Geosci.
CL-GRA-04,Clinopyroxene,Granulite Augite,53.11,0.42,2.78,0.02,0.57,8.91,0.12,12.2,21.4,0.46,0.01,0.0,0.0,0.0,100.0,Mafic Granulite,Granulite Facies,Vrana (2005) J. Geosci.
CL-GRA-05,Clinopyroxene,Granulite Augite,52.66,0.46,3.06,0.02,0.58,8.21,0.17,12.82,21.49,0.48,0.01,0.0,0.0,0.0,99.96,Mafic Granulite,Granulite Facies,Vrana (2005) J. Geosci.
CL-SKA-01,Clinopyroxene,Skarn Diopside,51.13,0.04,0.76,0.01,0.23,18.04,0.76,7.19,22.08,0.14,0.0,0.0,0.0,0.0,100.38,Calc-Silicate Skarn,Amphibolite Facies,"Deer, Howie & Zussman (2013) Rock-Forming Minerals"
CL-SKA-02,Clinopyroxene,Skarn Diopside,50.02,0.04,0.71,0.01,0.22,17.7,0.99,7.03,22.81,0.13,0.0,0.0,0.0,0.0,99.66,Calc-Silicate Skarn,Amphibolite Facies,"Deer, Howie & Zussman (2013) Rock-Forming Minerals"
CL-SKA-03,Clinopyroxene,Skarn Diopside,50.68,0.04,0.61,0.01,0.24,17.78,0.87,6.91,22.38,0.14,0.0,0.0,0.0,0.0,99.66,Calc-Silicate Skarn,Amphibolite Facies,"Deer, Howie & Zussman (2013) Rock-Forming Minerals"
CL-SKA-04,Clinopyroxene,Skarn Diopside,50.77,0.04,0.71,0.01,0.2,17.85,0.75,6.65,22.48,0.11,0.0,0.0,0.0,0.0,99.57,Calc-Silicate Skarn,Amphibolite Facies,"Deer, Howie & Zussman (2013) Rock-Forming Minerals"
CL-SKA-05,Clinopyroxene,Skarn Diopside,50.54,0.04,0.61,0.01,0.17,18.29,0.81,6.85,22.52,0.13,0.0,0.0,0.0,0.0,99.97,Calc-Silicate Skarn,Amphibolite Facies,"Deer, Howie & Zussman (2013) Rock-Forming Minerals"
AM-GRE-01,Amphibole,Greenschist Actinolite,55.77,0.06,1.62,0.01,0.44,8.08,0.16,18.11,12.18,0.22,0.04,0.0,0.1,0.02,96.81,Greenschist,Greenschist Facies,Hollinetz et al. (2024) Eur. J. Mineral.
AM-GRE-02,Amphibole,Greenschist Actinolite,55.02,0.06,1.57,0.01,0.33,8.3,0.23,18.5,12.33,0.27,0.05,0.0,0.07,0.02,96.76,Greenschist,Greenschist Facies,Hollinetz et al. (2024) Eur. J. Mineral.
AM-GRE-03,Amphibole,Greenschist Actinolite,56.34,0.06,1.61,0.01,0.4,8.02,0.17,18.57,11.67,0.19,0.05,0.0,0.09,0.03,97.21,Greenschist,Greenschist Facies,Hollinetz et al. (2024) Eur. J. Mineral.
AM-GRE-04,Amphibole,Greenschist Actinolite,55.51,0.05,1.65,0.01,0.45,8.66,0.21,18.65,11.71,0.21,0.05,0.0,0.09,0.02,97.27,Greenschist,Greenschist Facies,Hollinetz et al. (2024) Eur. J. Mineral.
AM-GRE-05,Amphibole,Greenschist Actinolite,55.66,0.07,1.68,0.01,0.34,7.95,0.21,18.61,12.31,0.22,0.03,0.0,0.1,0.02,97.21,Greenschist,Greenschist Facies,Hollinetz et al. (2024) Eur. J. Mineral.
AM-AMP-01,Amphibole,Amphibolite Hornblende,43.56,1.23,11.47,0.04,1.73,14.75,0.16,11.11,10.03,1.67,1.07,0.0,0.15,0.05,97.02,Amphibolite,Amphibolite Facies,Spear (1993) Metamorphic Phase Equilibria
AM-AMP-02,Amphibole,Amphibolite Hornblende,43.73,1.25,11.3,0.04,1.82,14.58,0.15,11.25,10.43,1.81,1.02,0.0,0.15,0.05,97.58,Amphibolite,Amphibolite Facies,Spear (1993) Metamorphic Phase Equilibria
AM-AMP-03,Amphibole,Amphibolite Hornblende,43.6,1.25,10.92,0.04,1.89,14.74,0.18,10.95,10.98,1.86,1.03,0.0,0.14,0.06,97.64,Amphibolite,Amphibolite Facies,Spear (1993) Metamorphic Phase Equilibria
AM-AMP-04,Amphibole,Amphibolite Hornblende,43.37,1.2,11.35,0.03,1.79,14.29,0.14,11.14,10.62,1.82,1.01,0.0,0.17,0.05,96.98,Amphibolite,Amphibolite Facies,Spear (1993) Metamorphic Phase Equilibria
AM-AMP-05,Amphibole,Amphibolite Hornblende,43.75,1.17,11.54,0.04,1.86,14.81,0.22,10.9,10.35,1.7,1.02,0.0,0.13,0.06,97.55,Amphibolite,Amphibolite Facies,Spear (1993) Metamorphic Phase Equilibria
AM-BLU-01,Amphibole,Blueschist Glaucophane,55.93,0.01,10.6,0.0,1.09,9.67,0.06,11.55,1.06,7.09,0.01,0.0,0.05,0.01,97.13,Blueschist,Blueschist Facies,Massonne & Kopp (2005) Eur. J. Mineral.
AM-BLU-02,Amphibole,Blueschist Glaucophane,57.14,0.01,10.5,0.0,1.1,9.18,0.05,12.2,1.08,6.68,0.01,0.0,0.05,0.01,98.01,Blueschist,Blueschist Facies,Massonne & Kopp (2005) Eur. J. Mineral.
AM-BLU-03,Amphibole,Blueschist Glaucophane,55.65,0.01,10.73,0.0,1.13,9.96,0.06,11.91,1.03,6.92,0.01,0.0,0.05,0.01,97.47,Blueschist,Blueschist Facies,Massonne & Kopp (2005) Eur. J. Mineral.
AM-BLU-04,Amphibole,Blueschist Glaucophane,55.85,0.01,10.19,0.0,1.1,9.63,0.05,11.98,0.98,6.6,0.01,0.0,0.05,0.01,96.46,Blueschist,Blueschist Facies,Massonne & Kopp (2005) Eur. J. Mineral.
AM-BLU-05,Amphibole,Blueschist Glaucophane,55.53,0.01,10.91,0.0,1.08,9.36,0.06,12.42,0.99,6.65,0.01,0.0,0.05,0.01,97.08,Blueschist,Blueschist Facies,Massonne & Kopp (2005) Eur. J. Mineral.
ST-MET-01,Staurolite,Metapelitic Schist,27.26,0.43,53.12,0.04,0.0,13.41,0.17,1.88,0.04,0.02,0.01,0.09,0.15,0.01,96.63,Pelitic Schist,Amphibolite Facies,Hollinetz et al. (2024) Eur. J. Mineral.
ST-MET-02,Staurolite,Metapelitic Schist,27.58,0.48,53.46,0.04,0.0,13.28,0.2,1.87,0.05,0.02,0.01,0.13,0.1,0.01,97.23,Pelitic Schist,Amphibolite Facies,Hollinetz et al. (2024) Eur. J. Mineral.
ST-MET-03,Staurolite,Metapelitic Schist,27.7,0.54,54.39,0.04,0.0,12.8,0.27,1.96,0.05,0.02,0.01,0.11,0.13,0.01,98.03,Pelitic Schist,Amphibolite Facies,Hollinetz et al. (2024) Eur. J. Mineral.
ST-MET-04,Staurolite,Metapelitic Schist,27.29,0.57,53.53,0.05,0.0,12.81,0.28,1.93,0.03,0.02,0.01,0.11,0.11,0.01,96.75,Pelitic Schist,Amphibolite Facies,Hollinetz et al. (2024) Eur. J. Mineral.
ST-MET-05,Staurolite,Metapelitic Schist,27.53,0.33,53.54,0.04,0.0,13.59,0.24,1.9,0.04,0.02,0.01,0.12,0.14,0.01,97.51,Pelitic Schist,Amphibolite Facies,Hollinetz et al. (2024) Eur. J. Mineral.
ST-MET-06,Staurolite,Metapelitic Schist,27.53,0.36,53.92,0.04,0.0,12.79,0.21,2.05,0.04,0.02,0.01,0.12,0.14,0.01,97.24,Pelitic Schist,Amphibolite Facies,Hollinetz et al. (2024) Eur. J. Mineral.
ST-MET-07,Staurolite,Metapelitic Schist,27.2,0.54,53.62,0.04,0.0,13.38,0.2,1.99,0.04,0.03,0.01,0.12,0.12,0.01,97.3,Pelitic Schist,Amphibolite Facies,Hollinetz et al. (2024) Eur. J. Mineral.
ST-MET-08,Staurolite,Metapelitic Schist,27.03,0.55,53.62,0.04,0.0,13.01,0.29,2.02,0.04,0.02,0.01,0.11,0.1,0.01,96.85,Pelitic Schist,Amphibolite Facies,Hollinetz et al. (2024) Eur. J. Mineral.
ST-MET-09,Staurolite,Metapelitic Schist,27.78,0.57,54.18,0.05,0.0,12.79,0.17,1.98,0.05,0.03,0.01,0.12,0.12,0.01,97.86,Pelitic Schist,Amphibolite Facies,Hollinetz et al. (2024) Eur. J. Mineral.
ST-MET-10,Staurolite,Metapelitic Schist,27.35,0.39,54.25,0.05,0.0,12.8,0.23,1.96,0.04,0.02,0.01,0.1,0.14,0.01,97.35,Pelitic Schist,Amphibolite Facies,Hollinetz et al. (2024) Eur. J. Mineral.
ST-ZN--01,Staurolite,Zn-rich Schist,27.44,0.28,54.37,0.01,0.0,11.13,0.15,1.59,0.04,0.02,0.01,1.86,0.09,0.01,97.0,Zn-rich Pelitic Schist,Amphibolite Facies,Spear (1993) Metamorphic Phase Equilibria
ST-ZN--02,Staurolite,Zn-rich Schist,27.8,0.45,53.5,0.02,0.0,11.89,0.21,1.66,0.03,0.02,0.01,1.9,0.09,0.01,97.59,Zn-rich Pelitic Schist,Amphibolite Facies,Spear (1993) Metamorphic Phase Equilibria
ST-ZN--03,Staurolite,Zn-rich Schist,27.03,0.47,53.46,0.02,0.0,11.44,0.18,1.69,0.03,0.02,0.01,1.9,0.08,0.01,96.34,Zn-rich Pelitic Schist,Amphibolite Facies,Spear (1993) Metamorphic Phase Equilibria
ST-ZN--04,Staurolite,Zn-rich Schist,27.71,0.47,54.18,0.02,0.0,11.42,0.15,1.62,0.04,0.02,0.01,1.9,0.09,0.01,97.64,Zn-rich Pelitic Schist,Amphibolite Facies,Spear (1993) Metamorphic Phase Equilibria
ST-ZN--05,Staurolite,Zn-rich Schist,27.84,0.48,53.77,0.02,0.0,11.61,0.21,1.69,0.02,0.02,0.01,1.87,0.07,0.01,97.62,Zn-rich Pelitic Schist,Amphibolite Facies,Spear (1993) Metamorphic Phase Equilibria
MU-GRE-01,Muscovite,Greenschist Muscovite,47.31,0.38,33.19,0.05,0.6,1.18,0.02,1.11,0.01,0.94,10.26,0.0,0.14,0.02,95.21,Metapelite,Greenschist Facies,Hollinetz et al. (2024) Eur. J. Mineral.
MU-GRE-02,Muscovite,Greenschist Muscovite,46.83,0.41,33.81,0.07,0.78,1.24,0.02,1.18,0.02,0.71,10.33,0.0,0.16,0.02,95.58,Metapelite,Greenschist Facies,Hollinetz et al. (2024) Eur. J. Mineral.
MU-GRE-03,Muscovite,Greenschist Muscovite,47.11,0.36,33.58,0.05,0.51,1.18,0.02,1.12,0.02,1.1,10.32,0.0,0.2,0.02,95.59,Metapelite,Greenschist Facies,Hollinetz et al. (2024) Eur. J. Mineral.
MU-GRE-04,Muscovite,Greenschist Muscovite,46.9,0.36,34.22,0.05,0.56,1.25,0.03,1.1,0.02,0.82,10.45,0.0,0.14,0.02,95.92,Metapelite,Greenschist Facies,Hollinetz et al. (2024) Eur. J. Mineral.
MU-GRE-05,Muscovite,Greenschist Muscovite,46.77,0.45,33.32,0.06,0.59,1.29,0.02,1.12,0.02,1.0,10.34,0.0,0.2,0.02,95.2,Metapelite,Greenschist Facies,Hollinetz et al. (2024) Eur. J. Mineral.
MU-AMP-01,Muscovite,Amphibolite Muscovite,46.5,0.59,34.48,0.01,0.46,1.71,0.01,0.96,0.04,1.21,9.49,0.0,0.21,0.03,95.7,Pelitic Schist,Amphibolite Facies,Spear (1993) Metamorphic Phase Equilibria
MU-AMP-02,Muscovite,Amphibolite Muscovite,45.96,0.67,34.19,0.01,0.44,1.77,0.01,0.97,0.05,1.12,9.68,0.0,0.25,0.02,95.14,Pelitic Schist,Amphibolite Facies,Spear (1993) Metamorphic Phase Equilibria
MU-AMP-03,Muscovite,Amphibolite Muscovite,46.17,0.53,35.09,0.01,0.32,1.73,0.01,0.75,0.04,1.15,9.57,0.0,0.23,0.03,95.63,Pelitic Schist,Amphibolite Facies,Spear (1993) Metamorphic Phase Equilibria
MU-AMP-04,Muscovite,Amphibolite Muscovite,45.62,0.74,34.8,0.01,0.46,1.79,0.01,0.72,0.05,1.1,10.07,0.0,0.22,0.02,95.61,Pelitic Schist,Amphibolite Facies,Spear (1993) Metamorphic Phase Equilibria
MU-AMP-05,Muscovite,Amphibolite Muscovite,45.77,0.86,34.73,0.01,0.45,1.76,0.01,0.83,0.06,1.1,9.77,0.0,0.2,0.03,95.58,Pelitic Schist,Amphibolite Facies,Spear (1993) Metamorphic Phase Equilibria
MU-BLU-01,Muscovite,Blueschist Phengite,51.26,0.24,26.4,0.17,0.8,2.07,0.03,4.12,0.01,0.47,10.08,0.0,0.06,0.01,95.72,Phengitic Schist,Blueschist Facies,Massonne & Kopp (2005) Eur. J. Mineral.
MU-BLU-02,Muscovite,Blueschist Phengite,51.62,0.2,26.24,0.15,0.85,2.11,0.03,4.27,0.01,0.25,10.32,0.0,0.06,0.01,96.12,Phengitic Schist,Blueschist Facies,Massonne & Kopp (2005) Eur. J. Mineral.
MU-BLU-03,Muscovite,Blueschist Phengite,50.34,0.2,25.9,0.19,0.98,2.12,0.03,3.9,0.01,0.29,10.83,0.0,0.07,0.01,94.87,Phengitic Schist,Blueschist Facies,Massonne & Kopp (2005) Eur. J. Mineral.
MU-BLU-04,Muscovite,Blueschist Phengite,51.01,0.16,26.35,0.15,0.81,2.23,0.03,4.11,0.01,0.3,10.51,0.0,0.07,0.01,95.75,Phengitic Schist,Blueschist Facies,Massonne & Kopp (2005) Eur. J. Mineral.
MU-BLU-05,Muscovite,Blueschist Phengite,50.91,0.2,26.34,0.1,0.81,2.15,0.04,4.16,0.01,0.36,10.1,0.0,0.09,0.01,95.28,Phengitic Schist,Blueschist Facies,Massonne & Kopp (2005) Eur. J. Mineral.
CH-GRE-01,Chlorite,Greenschist Metapelite,25.29,0.04,21.68,0.02,0.16,24.19,0.37,14.66,0.04,0.02,0.01,0.0,0.08,0.02,86.58,Chlorite Schist,Greenschist Facies,Hollinetz et al. (2024) Eur. J. Mineral.
CH-GRE-02,Chlorite,Greenschist Metapelite,26.3,0.03,21.61,0.02,0.18,24.26,0.27,13.99,0.04,0.03,0.01,0.0,0.07,0.02,86.83,Chlorite Schist,Greenschist Facies,Hollinetz et al. (2024) Eur. J. Mineral.
CH-GRE-03,Chlorite,Greenschist Metapelite,25.88,0.04,21.29,0.02,0.19,24.53,0.29,14.97,0.04,0.02,0.01,0.0,0.07,0.02,87.37,Chlorite Schist,Greenschist Facies,Hollinetz et al. (2024) Eur. J. Mineral.
CH-GRE-04,Chlorite,Greenschist Metapelite,26.12,0.05,21.92,0.02,0.17,24.55,0.26,14.73,0.05,0.02,0.01,0.0,0.11,0.02,88.03,Chlorite Schist,Greenschist Facies,Hollinetz et al. (2024) Eur. J. Mineral.
CH-GRE-05,Chlorite,Greenschist Metapelite,25.62,0.04,21.54,0.02,0.17,24.26,0.33,14.85,0.05,0.02,0.01,0.0,0.07,0.02,87.0,Chlorite Schist,Greenschist Facies,Hollinetz et al. (2024) Eur. J. Mineral.
CH-BLU-01,Chlorite,Blueschist Metabasite,27.25,0.01,20.19,0.08,0.31,19.06,0.14,20.64,0.08,0.03,0.01,0.0,0.04,0.01,87.85,Metabasite,Blueschist Facies,Massonne & Kopp (2005) Eur. J. Mineral.
CH-BLU-02,Chlorite,Blueschist Metabasite,28.27,0.02,20.28,0.06,0.37,18.66,0.12,20.49,0.09,0.03,0.01,0.0,0.05,0.01,88.46,Metabasite,Blueschist Facies,Massonne & Kopp (2005) Eur. J. Mineral.
CH-BLU-03,Chlorite,Blueschist Metabasite,27.19,0.02,19.95,0.08,0.27,18.85,0.19,20.47,0.08,0.03,0.01,0.0,0.04,0.01,87.19,Metabasite,Blueschist Facies,Massonne & Kopp (2005) Eur. J. Mineral.
CH-BLU-04,Chlorite,Blueschist Metabasite,27.27,0.02,20.66,0.08,0.28,18.88,0.12,20.36,0.1,0.03,0.01,0.0,0.03,0.01,87.85,Metabasite,Blueschist Facies,Massonne & Kopp (2005) Eur. J. Mineral.
CH-BLU-05,Chlorite,Blueschist Metabasite,27.73,0.02,19.68,0.1,0.39,18.57,0.17,20.7,0.08,0.03,0.01,0.0,0.04,0.01,87.53,Metabasite,Blueschist Facies,Massonne & Kopp (2005) Eur. J. Mineral.
CH-AMP-01,Chlorite,Amphibolite retrogressive,25.77,0.04,22.82,0.01,0.07,27.03,0.58,10.83,0.03,0.01,0.01,0.0,0.04,0.01,87.25,Retrogressed Mafic Schist,Amphibolite Facies,Spear (1993) Metamorphic Phase Equilibria
CH-AMP-02,Chlorite,Amphibolite retrogressive,26.58,0.05,22.43,0.01,0.1,26.66,0.4,11.22,0.03,0.01,0.01,0.0,0.06,0.01,87.57,Retrogressed Mafic Schist,Amphibolite Facies,Spear (1993) Metamorphic Phase Equilibria
CH-AMP-03,Chlorite,Amphibolite retrogressive,26.02,0.06,22.65,0.01,0.1,26.93,0.45,11.09,0.03,0.01,0.01,0.0,0.06,0.01,87.43,Retrogressed Mafic Schist,Amphibolite Facies,Spear (1993) Metamorphic Phase Equilibria
CH-AMP-04,Chlorite,Amphibolite retrogressive,26.0,0.03,21.91,0.01,0.08,26.66,0.56,11.65,0.04,0.01,0.01,0.0,0.05,0.01,87.02,Retrogressed Mafic Schist,Amphibolite Facies,Spear (1993) Metamorphic Phase Equilibria
CH-AMP-05,Chlorite,Amphibolite retrogressive,26.36,0.04,22.41,0.01,0.15,26.96,0.55,11.55,0.03,0.01,0.01,0.0,0.05,0.01,88.14,Retrogressed Mafic Schist,Amphibolite Facies,Spear (1993) Metamorphic Phase Equilibria
OR-GRA-01,Orthopyroxene,Granulite Enstatite,54.45,0.12,1.57,0.05,0.47,14.01,0.26,28.11,0.78,0.02,0.0,0.0,0.0,0.0,99.84,Mafic Granulite,Granulite Facies,Vrana (2005) J. Geosci.
OR-GRA-02,Orthopyroxene,Granulite Enstatite,54.25,0.09,1.56,0.06,0.52,14.27,0.24,27.96,0.71,0.02,0.0,0.0,0.0,0.0,99.68,Mafic Granulite,Granulite Facies,Vrana (2005) J. Geosci.
OR-GRA-03,Orthopyroxene,Granulite Enstatite,54.45,0.1,1.52,0.05,0.44,14.57,0.24,27.95,0.54,0.02,0.0,0.0,0.0,0.0,99.88,Mafic Granulite,Granulite Facies,Vrana (2005) J. Geosci.
OR-GRA-04,Orthopyroxene,Granulite Enstatite,54.24,0.17,1.53,0.06,0.43,14.65,0.19,27.97,0.66,0.02,0.0,0.0,0.0,0.0,99.92,Mafic Granulite,Granulite Facies,Vrana (2005) J. Geosci.
OR-GRA-05,Orthopyroxene,Granulite Enstatite,55.27,0.12,1.53,0.04,0.4,13.2,0.2,28.81,0.69,0.02,0.0,0.0,0.0,0.0,100.28,Mafic Granulite,Granulite Facies,Vrana (2005) J. Geosci.
OR-GRA-01,Orthopyroxene,Granulite Hypersthene,51.91,0.19,2.45,0.01,0.57,27.06,0.58,16.59,0.69,0.03,0.01,0.0,0.0,0.0,100.09,Charnockite,Granulite Facies,Dwivedi et al. (2015) J. Earth Syst. Sci.
OR-GRA-02,Orthopyroxene,Granulite Hypersthene,52.48,0.22,2.53,0.01,0.44,26.59,0.52,16.8,0.94,0.04,0.01,0.0,0.0,0.0,100.58,Charnockite,Granulite Facies,Dwivedi et al. (2015) J. Earth Syst. Sci.
OR-GRA-03,Orthopyroxene,Granulite Hypersthene,51.88,0.23,2.42,0.01,0.71,27.37,0.44,16.21,0.77,0.04,0.01,0.0,0.0,0.0,100.09,Charnockite,Granulite Facies,Dwivedi et al. (2015) J. Earth Syst. Sci.
OR-GRA-04,Orthopyroxene,Granulite Hypersthene,51.58,0.25,2.33,0.01,0.52,26.7,0.48,16.43,0.92,0.05,0.01,0.0,0.0,0.0,99.28,Charnockite,Granulite Facies,Dwivedi et al. (2015) J. Earth Syst. Sci.
OR-GRA-05,Orthopyroxene,Granulite Hypersthene,52.45,0.22,2.37,0.01,0.56,26.31,0.52,16.47,0.79,0.05,0.01,0.0,0.0,0.0,99.76,Charnockite,Granulite Facies,Dwivedi et al. (2015) J. Earth Syst. Sci.
OR-UHT-01,Orthopyroxene,UHT Al-rich Opx,49.13,0.36,7.62,0.02,0.78,18.28,0.22,22.69,0.83,0.06,0.01,0.0,0.0,0.0,100.0,Mg-Al Granulite,Granulite Facies,Dwivedi et al. (2015) J. Earth Syst. Sci.
OR-UHT-02,Orthopyroxene,UHT Al-rich Opx,49.33,0.24,7.32,0.02,0.98,18.48,0.17,22.47,0.72,0.07,0.01,0.0,0.0,0.0,99.81,Mg-Al Granulite,Granulite Facies,Dwivedi et al. (2015) J. Earth Syst. Sci.
OR-UHT-03,Orthopyroxene,UHT Al-rich Opx,49.2,0.26,7.04,0.02,0.97,19.01,0.17,22.88,0.69,0.05,0.01,0.0,0.0,0.0,100.3,Mg-Al Granulite,Granulite Facies,Dwivedi et al. (2015) J. Earth Syst. Sci.
OR-UHT-04,Orthopyroxene,UHT Al-rich Opx,50.41,0.3,7.28,0.03,0.84,18.47,0.16,22.27,0.68,0.07,0.01,0.0,0.0,0.0,100.52,Mg-Al Granulite,Granulite Facies,Dwivedi et al. (2015) J. Earth Syst. Sci.
OR-UHT-05,Orthopyroxene,UHT Al-rich Opx,49.53,0.33,6.71,0.03,0.82,18.84,0.18,22.69,0.94,0.07,0.01,0.0,0.0,0.0,100.15,Mg-Al Granulite,Granulite Facies,Dwivedi et al. (2015) J. Earth Syst. Sci.
K--AMP-01,K-feldspar,Amphibolite Microcline,64.53,0.01,18.38,0.0,0.09,0.04,0.0,0.01,0.05,1.21,15.6,0.0,0.0,0.0,99.92,Orthogneiss,Amphibolite Facies,Spear (1993) Metamorphic Phase Equilibria
K--AMP-02,K-feldspar,Amphibolite Microcline,64.5,0.01,18.59,0.0,0.09,0.04,0.0,0.01,0.04,1.26,15.72,0.0,0.0,0.0,100.26,Orthogneiss,Amphibolite Facies,Spear (1993) Metamorphic Phase Equilibria
K--AMP-03,K-feldspar,Amphibolite Microcline,64.52,0.01,18.63,0.0,0.08,0.03,0.0,0.01,0.03,1.23,15.63,0.0,0.0,0.0,100.17,Orthogneiss,Amphibolite Facies,Spear (1993) Metamorphic Phase Equilibria
K--AMP-04,K-feldspar,Amphibolite Microcline,64.29,0.01,18.42,0.0,0.09,0.04,0.0,0.01,0.05,1.24,15.64,0.0,0.0,0.0,99.79,Orthogneiss,Amphibolite Facies,Spear (1993) Metamorphic Phase Equilibria
K--AMP-05,K-feldspar,Amphibolite Microcline,64.64,0.01,18.27,0.0,0.07,0.05,0.0,0.01,0.05,1.26,15.65,0.0,0.0,0.0,100.01,Orthogneiss,Amphibolite Facies,Spear (1993) Metamorphic Phase Equilibria
K--GRA-01,K-feldspar,Granulite Orthoclase,64.47,0.02,18.52,0.0,0.1,0.06,0.0,0.02,0.1,2.53,14.03,0.0,0.0,0.0,99.85,Granulite Gneiss,Granulite Facies,Vrana (2005) J. Geosci.
K--GRA-02,K-feldspar,Granulite Orthoclase,63.99,0.02,18.53,0.0,0.12,0.06,0.0,0.02,0.16,2.65,14.59,0.0,0.0,0.0,100.14,Granulite Gneiss,Granulite Facies,Vrana (2005) J. Geosci.
K--GRA-03,K-feldspar,Granulite Orthoclase,64.43,0.02,18.81,0.0,0.13,0.07,0.0,0.02,0.15,2.44,14.44,0.0,0.0,0.0,100.51,Granulite Gneiss,Granulite Facies,Vrana (2005) J. Geosci.
K--GRA-04,K-feldspar,Granulite Orthoclase,64.35,0.02,18.85,0.0,0.12,0.06,0.0,0.03,0.18,2.51,14.16,0.0,0.0,0.0,100.28,Granulite Gneiss,Granulite Facies,Vrana (2005) J. Geosci.
K--GRA-05,K-feldspar,Granulite Orthoclase,64.13,0.02,18.45,0.0,0.13,0.05,0.0,0.02,0.14,2.41,14.42,0.0,0.0,0.0,99.77,Granulite Gneiss,Granulite Facies,Vrana (2005) J. Geosci.
K--UHT-01,K-feldspar,UHT Sanidine,63.88,0.04,19.01,0.0,0.17,0.12,0.01,0.03,0.34,3.72,12.54,0.0,0.0,0.0,99.86,UHT Gneiss,Granulite Facies,Dwivedi et al. (2015) J. Earth Syst. Sci.
K--UHT-02,K-feldspar,UHT Sanidine,63.0,0.05,18.82,0.0,0.19,0.08,0.01,0.03,0.45,3.84,13.56,0.0,0.0,0.0,100.03,UHT Gneiss,Granulite Facies,Dwivedi et al. (2015) J. Earth Syst. Sci.
K--UHT-03,K-feldspar,UHT Sanidine,63.39,0.04,18.89,0.0,0.17,0.06,0.01,0.04,0.48,3.82,12.72,0.0,0.0,0.0,99.62,UHT Gneiss,Granulite Facies,Dwivedi et al. (2015) J. Earth Syst. Sci.
K--UHT-04,K-feldspar,UHT Sanidine,62.72,0.04,19.25,0.0,0.17,0.06,0.01,0.02,0.5,4.1,13.37,0.0,0.0,0.0,100.24,UHT Gneiss,Granulite Facies,Dwivedi et al. (2015) J. Earth Syst. Sci.
K--UHT-05,K-feldspar,UHT Sanidine,62.96,0.05,19.1,0.0,0.18,0.06,0.01,0.03,0.59,3.81,12.49,0.0,0.0,0.0,99.28,UHT Gneiss,Granulite Facies,Dwivedi et al. (2015) J. Earth Syst. Sci.
EP-GRE-01,Epidote,Greenschist Epidote,38.38,0.1,23.91,0.02,12.17,0.21,0.13,0.04,23.47,0.01,0.01,0.0,0.02,0.01,98.48,Epidote-Amphibolite Metabasite,Greenschist Facies,"Deer, Howie & Zussman (2013) Rock-Forming Minerals"
EP-GRE-02,Epidote,Greenschist Epidote,38.98,0.13,24.15,0.02,12.43,0.19,0.16,0.06,22.84,0.01,0.01,0.0,0.02,0.01,99.01,Epidote-Amphibolite Metabasite,Greenschist Facies,"Deer, Howie & Zussman (2013) Rock-Forming Minerals"
EP-GRE-03,Epidote,Greenschist Epidote,38.7,0.1,23.95,0.02,11.52,0.19,0.18,0.06,23.48,0.01,0.01,0.0,0.02,0.01,98.25,Epidote-Amphibolite Metabasite,Greenschist Facies,"Deer, Howie & Zussman (2013) Rock-Forming Minerals"
EP-GRE-04,Epidote,Greenschist Epidote,39.12,0.1,24.06,0.03,11.37,0.21,0.16,0.05,23.22,0.01,0.01,0.0,0.02,0.01,98.37,Epidote-Amphibolite Metabasite,Greenschist Facies,"Deer, Howie & Zussman (2013) Rock-Forming Minerals"
EP-GRE-05,Epidote,Greenschist Epidote,38.79,0.1,23.9,0.02,11.88,0.19,0.16,0.05,23.08,0.01,0.01,0.0,0.02,0.01,98.22,Epidote-Amphibolite Metabasite,Greenschist Facies,"Deer, Howie & Zussman (2013) Rock-Forming Minerals"
EP-AMP-01,Epidote,Amphibolite Clinozoisite,39.83,0.04,31.44,0.01,1.52,0.11,0.05,0.02,24.72,0.01,0.01,0.0,0.01,0.01,97.78,Calc-Silicate Gneiss,Amphibolite Facies,Spear (1993) Metamorphic Phase Equilibria
EP-AMP-02,Epidote,Amphibolite Clinozoisite,40.83,0.05,31.35,0.01,1.54,0.11,0.06,0.02,24.7,0.01,0.01,0.0,0.01,0.01,98.71,Calc-Silicate Gneiss,Amphibolite Facies,Spear (1993) Metamorphic Phase Equilibria
EP-AMP-03,Epidote,Amphibolite Clinozoisite,39.8,0.03,31.58,0.01,1.52,0.08,0.06,0.02,24.81,0.01,0.01,0.0,0.01,0.01,97.95,Calc-Silicate Gneiss,Amphibolite Facies,Spear (1993) Metamorphic Phase Equilibria
EP-AMP-04,Epidote,Amphibolite Clinozoisite,39.85,0.05,31.45,0.01,1.51,0.11,0.06,0.02,25.33,0.01,0.01,0.0,0.01,0.01,98.43,Calc-Silicate Gneiss,Amphibolite Facies,Spear (1993) Metamorphic Phase Equilibria
EP-AMP-05,Epidote,Amphibolite Clinozoisite,40.08,0.05,31.35,0.01,1.54,0.1,0.04,0.02,24.85,0.01,0.01,0.0,0.01,0.01,98.08,Calc-Silicate Gneiss,Amphibolite Facies,Spear (1993) Metamorphic Phase Equilibria
EP-BLU-01,Epidote,Blueschist Epidote,39.37,0.09,26.84,0.11,7.67,0.15,0.08,0.03,23.93,0.02,0.01,0.0,0.02,0.01,98.33,Blueschist,Blueschist Facies,Massonne & Kopp (2005) Eur. J. Mineral.
EP-BLU-02,Epidote,Blueschist Epidote,39.33,0.08,27.4,0.15,7.29,0.16,0.08,0.03,23.57,0.01,0.01,0.0,0.02,0.01,98.14,Blueschist,Blueschist Facies,Massonne & Kopp (2005) Eur. J. Mineral.
EP-BLU-03,Epidote,Blueschist Epidote,39.08,0.09,26.51,0.11,7.86,0.13,0.1,0.04,23.59,0.02,0.01,0.0,0.02,0.01,97.57,Blueschist,Blueschist Facies,Massonne & Kopp (2005) Eur. J. Mineral.
EP-BLU-04,Epidote,Blueschist Epidote,39.16,0.08,27.5,0.12,7.31,0.17,0.09,0.04,23.5,0.02,0.01,0.0,0.02,0.01,98.03,Blueschist,Blueschist Facies,Massonne & Kopp (2005) Eur. J. Mineral.
EP-BLU-05,Epidote,Blueschist Epidote,39.1,0.09,26.5,0.14,7.83,0.14,0.09,0.03,23.53,0.02,0.01,0.0,0.01,0.01,97.5,Blueschist,Blueschist Facies,Massonne & Kopp (2005) Eur. J. Mineral.
CH-FE--01,Chloritoid,Fe-Chloritoid Metapelite,24.06,0.13,40.42,0.01,1.1,24.11,0.4,2.45,0.02,0.03,0.01,0.02,0.05,0.01,92.82,Chloritoid-Schist,Greenschist Facies,Hollinetz et al. (2024) Eur. J. Mineral.
CH-FE--02,Chloritoid,Fe-Chloritoid Metapelite,23.8,0.11,40.25,0.01,1.1,24.82,0.39,2.61,0.03,0.02,0.01,0.02,0.06,0.01,93.24,Chloritoid-Schist,Greenschist Facies,Hollinetz et al. (2024) Eur. J. Mineral.
CH-FE--03,Chloritoid,Fe-Chloritoid Metapelite,23.89,0.13,39.89,0.01,1.06,24.44,0.58,2.37,0.03,0.02,0.01,0.03,0.05,0.01,92.52,Chloritoid-Schist,Greenschist Facies,Hollinetz et al. (2024) Eur. J. Mineral.
CH-FE--04,Chloritoid,Fe-Chloritoid Metapelite,24.13,0.12,39.65,0.01,1.1,24.53,0.49,2.45,0.03,0.02,0.01,0.01,0.06,0.01,92.62,Chloritoid-Schist,Greenschist Facies,Hollinetz et al. (2024) Eur. J. Mineral.
CH-FE--05,Chloritoid,Fe-Chloritoid Metapelite,23.78,0.12,38.93,0.01,1.17,24.68,0.63,2.47,0.04,0.02,0.01,0.01,0.05,0.01,91.93,Chloritoid-Schist,Greenschist Facies,Hollinetz et al. (2024) Eur. J. Mineral.
CH-MG--01,Chloritoid,Mg-Chloritoid Metapelite,25.0,0.08,41.24,0.06,0.89,10.92,0.12,14.59,0.01,0.01,0.01,0.01,0.02,0.01,92.97,HP metapelite,Blueschist Facies,Massonne & Kopp (2005) Eur. J. Mineral.
CH-MG--02,Chloritoid,Mg-Chloritoid Metapelite,24.53,0.08,41.64,0.05,0.92,10.72,0.1,14.74,0.01,0.01,0.01,0.01,0.01,0.01,92.84,HP metapelite,Blueschist Facies,Massonne & Kopp (2005) Eur. J. Mineral.
CH-MG--03,Chloritoid,Mg-Chloritoid Metapelite,25.01,0.08,41.16,0.05,0.81,10.98,0.09,14.38,0.01,0.01,0.01,0.01,0.02,0.01,92.63,HP metapelite,Blueschist Facies,Massonne & Kopp (2005) Eur. J. Mineral.
CH-MG--04,Chloritoid,Mg-Chloritoid Metapelite,24.83,0.08,41.02,0.04,0.96,11.26,0.13,14.46,0.01,0.01,0.01,0.01,0.02,0.01,92.85,HP metapelite,Blueschist Facies,Massonne & Kopp (2005) Eur. J. Mineral.
CH-MG--05,Chloritoid,Mg-Chloritoid Metapelite,24.7,0.09,40.86,0.04,0.87,11.22,0.1,14.56,0.01,0.01,0.01,0.01,0.01,0.01,92.5,HP metapelite,Blueschist Facies,Massonne & Kopp (2005) Eur. J. Mineral.
CH-OTT-01,Chloritoid,Ottrelite Metapelite,25.19,0.14,41.8,0.02,1.41,12.83,9.33,2.13,0.06,0.02,0.01,0.05,0.04,0.01,93.04,Manganiferous Schist,Greenschist Facies,"Deer, Howie & Zussman (2013) Rock-Forming Minerals"
CH-OTT-02,Chloritoid,Ottrelite Metapelite,25.59,0.16,41.99,0.03,1.35,13.18,8.6,2.16,0.06,0.02,0.01,0.04,0.04,0.01,93.24,Manganiferous Schist,Greenschist Facies,"Deer, Howie & Zussman (2013) Rock-Forming Minerals"
CH-OTT-03,Chloritoid,Ottrelite Metapelite,25.1,0.14,41.76,0.02,1.36,12.36,9.03,2.16,0.05,0.02,0.01,0.07,0.05,0.01,92.14,Manganiferous Schist,Greenschist Facies,"Deer, Howie & Zussman (2013) Rock-Forming Minerals"
CH-OTT-04,Chloritoid,Ottrelite Metapelite,25.18,0.15,41.38,0.01,1.36,13.29,9.1,2.15,0.06,0.02,0.01,0.05,0.05,0.01,92.82,Manganiferous Schist,Greenschist Facies,"Deer, Howie & Zussman (2013) Rock-Forming Minerals"
CH-OTT-05,Chloritoid,Ottrelite Metapelite,25.57,0.14,41.47,0.02,1.4,12.82,9.27,2.16,0.07,0.02,0.01,0.06,0.04,0.01,93.06,Manganiferous Schist,Greenschist Facies,"Deer, Howie & Zussman (2013) Rock-Forming Minerals"
CO-CON-01,Cordierite,Contact Metamorphic,49.04,0.02,33.02,0.0,0.08,7.51,0.17,7.33,0.04,0.12,0.01,0.05,0.01,0.01,97.41,Spotted Hornfels,Contact Metamorphic,Spear (1993) Metamorphic Phase Equilibria
CO-CON-02,Cordierite,Contact Metamorphic,48.49,0.02,33.59,0.0,0.1,7.89,0.17,7.12,0.06,0.17,0.01,0.05,0.01,0.01,97.69,Spotted Hornfels,Contact Metamorphic,Spear (1993) Metamorphic Phase Equilibria
CO-CON-03,Cordierite,Contact Metamorphic,49.79,0.02,33.03,0.0,0.11,7.44,0.16,7.16,0.06,0.15,0.02,0.04,0.01,0.01,98.0,Spotted Hornfels,Contact Metamorphic,Spear (1993) Metamorphic Phase Equilibria
CO-CON-04,Cordierite,Contact Metamorphic,49.66,0.02,33.1,0.0,0.11,7.3,0.11,6.95,0.05,0.2,0.02,0.05,0.01,0.01,97.59,Spotted Hornfels,Contact Metamorphic,Spear (1993) Metamorphic Phase Equilibria
CO-CON-05,Cordierite,Contact Metamorphic,49.5,0.02,32.82,0.0,0.12,7.47,0.12,7.12,0.05,0.18,0.02,0.06,0.01,0.01,97.5,Spotted Hornfels,Contact Metamorphic,Spear (1993) Metamorphic Phase Equilibria
CO-GRA-01,Cordierite,Granulite Cordierite,51.28,0.01,32.98,0.0,0.06,3.77,0.04,10.27,0.02,0.08,0.01,0.02,0.02,0.01,98.57,Pelitic Granulite,Granulite Facies,Vrana (2005) J. Geosci.
CO-GRA-02,Cordierite,Granulite Cordierite,50.21,0.01,33.32,0.0,0.03,3.8,0.06,10.77,0.02,0.1,0.01,0.01,0.02,0.01,98.37,Pelitic Granulite,Granulite Facies,Vrana (2005) J. Geosci.
CO-GRA-03,Cordierite,Granulite Cordierite,50.72,0.01,33.5,0.0,0.05,3.68,0.05,10.45,0.02,0.1,0.01,0.02,0.02,0.01,98.64,Pelitic Granulite,Granulite Facies,Vrana (2005) J. Geosci.
CO-GRA-04,Cordierite,Granulite Cordierite,50.21,0.01,33.21,0.0,0.03,3.75,0.05,10.72,0.02,0.14,0.01,0.02,0.02,0.01,98.2,Pelitic Granulite,Granulite Facies,Vrana (2005) J. Geosci.
CO-GRA-05,Cordierite,Granulite Cordierite,50.17,0.01,33.57,0.0,0.06,3.78,0.06,10.79,0.03,0.07,0.01,0.02,0.02,0.01,98.6,Pelitic Granulite,Granulite Facies,Vrana (2005) J. Geosci.
CO-UHT-01,Cordierite,UHT Cordierite,51.03,0.01,34.01,0.0,0.09,2.2,0.03,11.95,0.01,0.08,0.01,0.01,0.03,0.01,99.47,UHT Mg-Al Gneiss,Granulite Facies,Dwivedi et al. (2015) J. Earth Syst. Sci.
CO-UHT-02,Cordierite,UHT Cordierite,50.82,0.01,33.62,0.0,0.08,2.11,0.03,12.07,0.01,0.08,0.01,0.01,0.03,0.01,98.89,UHT Mg-Al Gneiss,Granulite Facies,Dwivedi et al. (2015) J. Earth Syst. Sci.
CO-UHT-03,Cordierite,UHT Cordierite,51.72,0.01,33.37,0.0,0.07,2.02,0.02,11.94,0.01,0.05,0.01,0.01,0.03,0.01,99.27,UHT Mg-Al Gneiss,Granulite Facies,Dwivedi et al. (2015) J. Earth Syst. Sci.
CO-UHT-04,Cordierite,UHT Cordierite,51.34,0.01,33.42,0.0,0.1,2.07,0.02,11.94,0.01,0.1,0.01,0.01,0.04,0.01,99.08,UHT Mg-Al Gneiss,Granulite Facies,Dwivedi et al. (2015) J. Earth Syst. Sci.
CO-UHT-05,Cordierite,UHT Cordierite,51.26,0.01,33.65,0.0,0.04,2.15,0.02,11.58,0.01,0.09,0.01,0.01,0.03,0.01,98.87,UHT Mg-Al Gneiss,Granulite Facies,Dwivedi et al. (2015) J. Earth Syst. Sci.
IL-MET-01,Ilmenite,Metapelite Ilmenite,0.06,51.98,0.11,0.02,1.24,43.53,2.54,0.62,0.03,0.01,0.01,0.02,0.0,0.0,100.17,Garnet-Mica Schist,Amphibolite Facies,Hollinetz et al. (2024) Eur. J. Mineral.
IL-MET-02,Ilmenite,Metapelite Ilmenite,0.05,51.91,0.12,0.02,1.22,43.5,2.49,0.59,0.03,0.01,0.01,0.02,0.0,0.0,99.97,Garnet-Mica Schist,Amphibolite Facies,Hollinetz et al. (2024) Eur. J. Mineral.
IL-MET-03,Ilmenite,Metapelite Ilmenite,0.05,52.22,0.12,0.02,1.25,43.66,2.5,0.46,0.03,0.01,0.01,0.02,0.0,0.0,100.35,Garnet-Mica Schist,Amphibolite Facies,Hollinetz et al. (2024) Eur. J. Mineral.
IL-MET-04,Ilmenite,Metapelite Ilmenite,0.06,51.88,0.13,0.02,1.22,43.77,2.69,0.41,0.03,0.01,0.01,0.02,0.0,0.0,100.25,Garnet-Mica Schist,Amphibolite Facies,Hollinetz et al. (2024) Eur. J. Mineral.
IL-MET-05,Ilmenite,Metapelite Ilmenite,0.06,51.66,0.12,0.02,1.2,44.04,2.53,0.41,0.03,0.01,0.01,0.02,0.0,0.0,100.11,Garnet-Mica Schist,Amphibolite Facies,Hollinetz et al. (2024) Eur. J. Mineral.
IL-ECL-01,Ilmenite,Eclogite Ilmenite,0.02,52.34,0.09,0.28,1.6,32.06,0.54,12.99,0.01,0.01,0.01,0.01,0.0,0.0,99.96,Mafic Eclogite,Eclogite Facies,Massonne & Kopp (2005) Eur. J. Mineral.
IL-ECL-02,Ilmenite,Eclogite Ilmenite,0.02,52.78,0.08,0.24,1.64,31.75,0.63,12.97,0.01,0.01,0.01,0.01,0.0,0.0,100.15,Mafic Eclogite,Eclogite Facies,Massonne & Kopp (2005) Eur. J. Mineral.
IL-ECL-03,Ilmenite,Eclogite Ilmenite,0.02,53.1,0.07,0.28,1.64,32.57,0.5,11.65,0.01,0.01,0.01,0.01,0.0,0.0,99.87,Mafic Eclogite,Eclogite Facies,Massonne & Kopp (2005) Eur. J. Mineral.
IL-ECL-04,Ilmenite,Eclogite Ilmenite,0.02,53.86,0.07,0.27,1.51,31.67,0.5,12.24,0.01,0.01,0.01,0.01,0.0,0.0,100.18,Mafic Eclogite,Eclogite Facies,Massonne & Kopp (2005) Eur. J. Mineral.
IL-ECL-05,Ilmenite,Eclogite Ilmenite,0.02,53.32,0.07,0.21,1.59,31.65,0.55,12.61,0.01,0.01,0.01,0.01,0.0,0.0,100.06,Mafic Eclogite,Eclogite Facies,Massonne & Kopp (2005) Eur. J. Mineral.
IL-GRA-01,Ilmenite,Granulite Ilmenite,0.03,52.89,0.15,0.05,1.42,43.02,1.18,1.84,0.02,0.01,0.01,0.01,0.0,0.0,100.63,Felsic Granulite,Granulite Facies,Vrana (2005) J. Geosci.
IL-GRA-02,Ilmenite,Granulite Ilmenite,0.03,53.14,0.16,0.04,1.41,42.28,1.19,1.9,0.02,0.01,0.01,0.01,0.0,0.0,100.2,Felsic Granulite,Granulite Facies,Vrana (2005) J. Geosci.
IL-GRA-03,Ilmenite,Granulite Ilmenite,0.04,51.71,0.13,0.04,1.47,43.74,1.19,1.8,0.02,0.01,0.01,0.01,0.0,0.0,100.17,Felsic Granulite,Granulite Facies,Vrana (2005) J. Geosci.
IL-GRA-04,Ilmenite,Granulite Ilmenite,0.03,52.39,0.17,0.04,1.39,43.48,1.17,1.74,0.02,0.01,0.01,0.01,0.0,0.0,100.46,Felsic Granulite,Granulite Facies,Vrana (2005) J. Geosci.
IL-GRA-05,Ilmenite,Granulite Ilmenite,0.03,52.39,0.18,0.05,1.3,42.95,1.2,1.91,0.02,0.01,0.01,0.01,0.0,0.0,100.06,Felsic Granulite,Granulite Facies,Vrana (2005) J. Geosci.
MA-GRE-01,Magnetite,Greenschist Magnetite,0.11,0.05,0.09,0.06,68.55,31.03,0.06,0.05,0.02,0.01,0.01,0.01,0.0,0.0,100.05,Chlorite Schist,Greenschist Facies,"Deer, Howie & Zussman (2013) Rock-Forming Minerals"
MA-GRE-02,Magnetite,Greenschist Magnetite,0.08,0.05,0.07,0.05,69.31,30.23,0.05,0.05,0.02,0.01,0.01,0.01,0.0,0.0,99.94,Chlorite Schist,Greenschist Facies,"Deer, Howie & Zussman (2013) Rock-Forming Minerals"
MA-GRE-03,Magnetite,Greenschist Magnetite,0.07,0.06,0.1,0.05,68.95,30.66,0.04,0.06,0.02,0.01,0.01,0.01,0.0,0.0,100.04,Chlorite Schist,Greenschist Facies,"Deer, Howie & Zussman (2013) Rock-Forming Minerals"
MA-GRE-04,Magnetite,Greenschist Magnetite,0.07,0.06,0.1,0.06,67.83,31.41,0.06,0.06,0.02,0.01,0.01,0.01,0.0,0.0,99.7,Chlorite Schist,Greenschist Facies,"Deer, Howie & Zussman (2013) Rock-Forming Minerals"
MA-GRE-05,Magnetite,Greenschist Magnetite,0.08,0.04,0.1,0.04,68.28,31.03,0.06,0.06,0.02,0.01,0.01,0.01,0.0,0.0,99.74,Chlorite Schist,Greenschist Facies,"Deer, Howie & Zussman (2013) Rock-Forming Minerals"
MA-SKA-01,Magnetite,Skarn Magnetite,0.11,0.12,0.24,0.02,68.12,29.68,1.01,0.18,0.04,0.01,0.01,0.01,0.0,0.0,99.55,Iron Skarn,Amphibolite Facies,"Deer, Howie & Zussman (2013) Rock-Forming Minerals"
MA-SKA-02,Magnetite,Skarn Magnetite,0.11,0.11,0.21,0.03,68.92,29.8,0.82,0.2,0.04,0.01,0.01,0.02,0.0,0.0,100.28,Iron Skarn,Amphibolite Facies,"Deer, Howie & Zussman (2013) Rock-Forming Minerals"
MA-SKA-03,Magnetite,Skarn Magnetite,0.1,0.14,0.26,0.02,67.86,30.41,0.79,0.21,0.04,0.01,0.01,0.02,0.0,0.0,99.87,Iron Skarn,Amphibolite Facies,"Deer, Howie & Zussman (2013) Rock-Forming Minerals"
MA-SKA-04,Magnetite,Skarn Magnetite,0.13,0.16,0.2,0.02,68.35,30.06,0.61,0.17,0.05,0.01,0.01,0.02,0.0,0.0,99.79,Iron Skarn,Amphibolite Facies,"Deer, Howie & Zussman (2013) Rock-Forming Minerals"
MA-SKA-05,Magnetite,Skarn Magnetite,0.12,0.15,0.23,0.03,67.35,30.43,0.8,0.22,0.04,0.01,0.01,0.02,0.0,0.0,99.41,Iron Skarn,Amphibolite Facies,"Deer, Howie & Zussman (2013) Rock-Forming Minerals"
MA-GRA-01,Magnetite,Granulite Titanomagnetite,0.26,4.49,1.19,0.07,62.24,31.01,0.25,0.49,0.08,0.02,0.01,0.02,0.0,0.0,100.13,Mafic Granulite,Granulite Facies,Vrana (2005) J. Geosci.
MA-GRA-02,Magnetite,Granulite Titanomagnetite,0.19,4.65,1.22,0.09,61.82,31.22,0.39,0.56,0.08,0.02,0.01,0.02,0.0,0.0,100.27,Mafic Granulite,Granulite Facies,Vrana (2005) J. Geosci.
MA-GRA-03,Magnetite,Granulite Titanomagnetite,0.27,4.39,1.18,0.06,61.69,31.15,0.41,0.61,0.08,0.02,0.01,0.02,0.0,0.0,99.89,Mafic Granulite,Granulite Facies,Vrana (2005) J. Geosci.
MA-GRA-04,Magnetite,Granulite Titanomagnetite,0.24,4.68,1.17,0.08,62.04,31.16,0.2,0.53,0.05,0.02,0.01,0.02,0.0,0.0,100.2,Mafic Granulite,Granulite Facies,Vrana (2005) J. Geosci.
MA-GRA-05,Magnetite,Granulite Titanomagnetite,0.22,4.36,1.21,0.09,61.47,31.25,0.17,0.47,0.06,0.02,0.01,0.02,0.0,0.0,99.35,Mafic Granulite,Granulite Facies,Vrana (2005) J. Geosci.
MA-MAR-01,Margarite,Margarite Schist,29.75,0.2,51.23,0.02,0.09,0.31,0.01,0.22,12.23,1.21,0.2,0.01,0.11,0.01,95.6,Mica Schist,Amphibolite Facies,Spear (1993) Metamorphic Phase Equilibria
MA-MAR-02,Margarite,Margarite Schist,30.58,0.23,51.0,0.02,0.09,0.24,0.01,0.28,11.96,1.22,0.2,0.01,0.15,0.01,96.0,Mica Schist,Amphibolite Facies,Spear (1993) Metamorphic Phase Equilibria
MA-MAR-03,Margarite,Margarite Schist,30.17,0.23,51.5,0.02,0.09,0.17,0.01,0.27,11.83,1.15,0.19,0.01,0.14,0.01,95.79,Mica Schist,Amphibolite Facies,Spear (1993) Metamorphic Phase Equilibria
MA-MAR-04,Margarite,Margarite Schist,29.8,0.13,51.56,0.02,0.15,0.28,0.01,0.29,11.65,1.19,0.24,0.01,0.15,0.01,95.49,Mica Schist,Amphibolite Facies,Spear (1993) Metamorphic Phase Equilibria
MA-MAR-05,Margarite,Margarite Schist,30.27,0.15,51.4,0.02,0.12,0.31,0.01,0.23,11.79,1.18,0.21,0.01,0.21,0.01,95.92,Mica Schist,Amphibolite Facies,Spear (1993) Metamorphic Phase Equilibria
MA-RET-01,Margarite,Retrograde Margarite,31.13,0.08,50.37,0.01,0.05,0.56,0.02,0.38,10.94,1.42,0.33,0.01,0.16,0.02,95.48,Retrograde Pelitic Schist,Amphibolite Facies,"Deer, Howie & Zussman (2013) Rock-Forming Minerals"
MA-RET-02,Margarite,Retrograde Margarite,31.63,0.08,50.13,0.01,0.09,0.51,0.02,0.4,11.1,1.51,0.39,0.01,0.2,0.02,96.1,Retrograde Pelitic Schist,Amphibolite Facies,"Deer, Howie & Zussman (2013) Rock-Forming Minerals"
MA-RET-03,Margarite,Retrograde Margarite,31.52,0.08,49.52,0.01,0.09,0.59,0.03,0.49,11.35,1.5,0.42,0.01,0.16,0.02,95.79,Retrograde Pelitic Schist,Amphibolite Facies,"Deer, Howie & Zussman (2013) Rock-Forming Minerals"
MA-RET-04,Margarite,Retrograde Margarite,31.45,0.08,49.9,0.01,0.08,0.6,0.02,0.37,11.25,1.53,0.44,0.01,0.12,0.01,95.87,Retrograde Pelitic Schist,Amphibolite Facies,"Deer, Howie & Zussman (2013) Rock-Forming Minerals"
MA-RET-05,Margarite,Retrograde Margarite,31.11,0.09,50.63,0.01,0.08,0.43,0.02,0.44,11.08,1.54,0.41,0.01,0.17,0.02,96.04,Retrograde Pelitic Schist,Amphibolite Facies,"Deer, Howie & Zussman (2013) Rock-Forming Minerals"
MA-COR-01,Margarite,Corundum Schist Margarite,29.74,0.18,53.19,0.05,0.05,0.07,0.01,0.16,12.81,0.81,0.11,0.01,0.1,0.01,97.3,Corundum-bearing Schist,Amphibolite Facies,"Deer, Howie & Zussman (2013) Rock-Forming Minerals"
MA-COR-02,Margarite,Corundum Schist Margarite,29.36,0.21,52.82,0.06,0.05,0.1,0.01,0.12,12.86,0.88,0.1,0.01,0.1,0.01,96.69,Corundum-bearing Schist,Amphibolite Facies,"Deer, Howie & Zussman (2013) Rock-Forming Minerals"
MA-COR-03,Margarite,Corundum Schist Margarite,29.97,0.17,53.28,0.06,0.05,0.1,0.01,0.18,12.54,0.77,0.1,0.01,0.1,0.01,97.35,Corundum-bearing Schist,Amphibolite Facies,"Deer, Howie & Zussman (2013) Rock-Forming Minerals"
MA-COR-04,Margarite,Corundum Schist Margarite,29.71,0.13,52.07,0.06,0.05,0.09,0.01,0.14,13.16,0.81,0.09,0.01,0.1,0.01,96.44,Corundum-bearing Schist,Amphibolite Facies,"Deer, Howie & Zussman (2013) Rock-Forming Minerals"
MA-COR-05,Margarite,Corundum Schist Margarite,29.67,0.2,52.16,0.04,0.05,0.1,0.01,0.15,12.96,0.97,0.06,0.01,0.08,0.01,96.47,Corundum-bearing Schist,Amphibolite Facies,"Deer, Howie & Zussman (2013) Rock-Forming Minerals"
SP-GRA-01,Spinel,Granulite Hercynite,0.11,0.09,59.14,0.11,2.06,32.3,0.19,6.72,0.06,0.01,0.01,1.56,0.0,0.0,102.36,Aluminous Granulite,Granulite Facies,Vrana (2005) J. Geosci.
SP-GRA-02,Spinel,Granulite Hercynite,0.16,0.07,59.21,0.09,2.23,32.53,0.21,6.16,0.05,0.01,0.01,1.54,0.0,0.0,102.27,Aluminous Granulite,Granulite Facies,Vrana (2005) J. Geosci.
SP-GRA-03,Spinel,Granulite Hercynite,0.13,0.08,58.89,0.11,2.14,32.44,0.15,6.79,0.06,0.01,0.01,1.52,0.0,0.0,102.33,Aluminous Granulite,Granulite Facies,Vrana (2005) J. Geosci.
SP-GRA-04,Spinel,Granulite Hercynite,0.15,0.07,59.76,0.11,2.13,32.55,0.22,6.44,0.04,0.01,0.01,1.56,0.0,0.0,103.05,Aluminous Granulite,Granulite Facies,Vrana (2005) J. Geosci.
SP-GRA-05,Spinel,Granulite Hercynite,0.14,0.08,59.17,0.12,2.18,32.77,0.2,6.44,0.05,0.01,0.01,1.57,0.0,0.0,102.74,Aluminous Granulite,Granulite Facies,Vrana (2005) J. Geosci.
SP-UHT-01,Spinel,UHT Mg-Spinel,0.04,0.02,69.62,0.06,0.95,7.77,0.05,22.3,0.02,0.01,0.01,0.22,0.0,0.0,101.07,UHT Pelitic Gneiss,Granulite Facies,Dwivedi et al. (2015) J. Earth Syst. Sci.
SP-UHT-02,Spinel,UHT Mg-Spinel,0.05,0.02,69.23,0.05,0.89,7.53,0.04,22.73,0.02,0.01,0.01,0.2,0.0,0.0,100.78,UHT Pelitic Gneiss,Granulite Facies,Dwivedi et al. (2015) J. Earth Syst. Sci.
SP-UHT-03,Spinel,UHT Mg-Spinel,0.04,0.02,68.37,0.03,1.01,7.31,0.04,23.03,0.02,0.01,0.01,0.21,0.0,0.0,100.1,UHT Pelitic Gneiss,Granulite Facies,Dwivedi et al. (2015) J. Earth Syst. Sci.
SP-UHT-04,Spinel,UHT Mg-Spinel,0.04,0.02,69.43,0.06,0.89,7.55,0.04,22.33,0.02,0.01,0.01,0.21,0.0,0.0,100.61,UHT Pelitic Gneiss,Granulite Facies,Dwivedi et al. (2015) J. Earth Syst. Sci.
SP-UHT-05,Spinel,UHT Mg-Spinel,0.05,0.02,69.95,0.04,0.83,7.45,0.06,21.9,0.02,0.01,0.01,0.28,0.0,0.0,100.62,UHT Pelitic Gneiss,Granulite Facies,Dwivedi et al. (2015) J. Earth Syst. Sci.
SP-CHR-01,Spinel,Chromian Spinel,0.08,0.2,28.53,40.06,2.24,18.52,0.19,12.28,0.04,0.01,0.01,0.09,0.0,0.0,102.25,Meta-ultramafic Rock,Amphibolite Facies,"Deer, Howie & Zussman (2013) Rock-Forming Minerals"
SP-CHR-02,Spinel,Chromian Spinel,0.08,0.18,28.04,40.38,2.22,18.51,0.24,12.1,0.04,0.01,0.01,0.14,0.0,0.0,101.95,Meta-ultramafic Rock,Amphibolite Facies,"Deer, Howie & Zussman (2013) Rock-Forming Minerals"
SP-CHR-03,Spinel,Chromian Spinel,0.07,0.16,28.44,40.44,2.13,18.22,0.22,12.64,0.04,0.01,0.01,0.12,0.0,0.0,102.5,Meta-ultramafic Rock,Amphibolite Facies,"Deer, Howie & Zussman (2013) Rock-Forming Minerals"
SP-CHR-04,Spinel,Chromian Spinel,0.05,0.1,29.02,40.29,2.29,18.58,0.22,11.72,0.04,0.01,0.01,0.12,0.0,0.0,102.45,Meta-ultramafic Rock,Amphibolite Facies,"Deer, Howie & Zussman (2013) Rock-Forming Minerals"
SP-CHR-05,Spinel,Chromian Spinel,0.07,0.16,28.74,40.24,2.13,18.34,0.19,12.47,0.04,0.01,0.01,0.09,0.0,0.0,102.49,Meta-ultramafic Rock,Amphibolite Facies,"Deer, Howie & Zussman (2013) Rock-Forming Minerals"
AU-MAF-01,Augite,Mafic Granulite Augite,52.14,0.45,3.0,0.02,0.56,8.9,0.12,13.0,21.47,0.62,0.01,0.0,0.0,0.0,100.29,Mafic Granulite,Granulite Facies,Vrana (2005) J. Geosci.
AU-MAF-02,Augite,Mafic Granulite Augite,53.1,0.34,2.89,0.03,0.43,8.34,0.14,12.9,21.56,0.43,0.01,0.0,0.0,0.0,100.17,Mafic Granulite,Granulite Facies,Vrana (2005) J. Geosci.
AU-MAF-03,Augite,Mafic Granulite Augite,52.55,0.33,2.84,0.02,0.44,8.66,0.09,12.75,21.58,0.54,0.01,0.0,0.0,0.0,99.81,Mafic Granulite,Granulite Facies,Vrana (2005) J. Geosci.
AU-MAF-04,Augite,Mafic Granulite Augite,53.13,0.39,2.86,0.02,0.57,8.39,0.1,12.92,21.54,0.54,0.01,0.0,0.0,0.0,100.47,Mafic Granulite,Granulite Facies,Vrana (2005) J. Geosci.
AU-MAF-05,Augite,Mafic Granulite Augite,52.7,0.46,2.89,0.02,0.59,8.04,0.11,13.21,21.36,0.49,0.01,0.0,0.0,0.0,99.88,Mafic Granulite,Granulite Facies,Vrana (2005) J. Geosci.
AU-AMP-01,Augite,Amphibolite Augite,51.36,0.38,3.77,0.04,0.83,10.56,0.19,11.56,20.65,0.51,0.02,0.0,0.0,0.0,99.87,Mafic Amphibolite,Amphibolite Facies,Spear (1993) Metamorphic Phase Equilibria
AU-AMP-02,Augite,Amphibolite Augite,51.55,0.34,3.88,0.06,0.78,10.27,0.12,11.53,20.67,0.61,0.02,0.0,0.0,0.0,99.83,Mafic Amphibolite,Amphibolite Facies,Spear (1993) Metamorphic Phase Equilibria
AU-AMP-03,Augite,Amphibolite Augite,51.51,0.34,3.69,0.05,0.67,9.85,0.23,11.76,21.22,0.61,0.02,0.0,0.0,0.0,99.95,Mafic Amphibolite,Amphibolite Facies,Spear (1993) Metamorphic Phase Equilibria
AU-AMP-04,Augite,Amphibolite Augite,51.75,0.24,3.6,0.03,0.68,10.0,0.2,11.57,20.47,0.6,0.02,0.0,0.0,0.0,99.16,Mafic Amphibolite,Amphibolite Facies,Spear (1993) Metamorphic Phase Equilibria
AU-AMP-05,Augite,Amphibolite Augite,51.61,0.3,3.72,0.05,0.95,10.38,0.17,11.4,20.91,0.63,0.02,0.0,0.0,0.0,100.14,Mafic Amphibolite,Amphibolite Facies,Spear (1993) Metamorphic Phase Equilibria
AU-BLU-01,Augite,Blueschist Augite,53.49,0.15,4.3,0.1,1.3,8.14,0.11,11.81,19.61,1.3,0.01,0.0,0.0,0.0,100.32,Sodic Mafic Metabasite,Blueschist Facies,Massonne & Kopp (2005) Eur. J. Mineral.
AU-BLU-02,Augite,Blueschist Augite,52.8,0.26,4.63,0.11,1.31,7.82,0.1,12.74,19.32,1.19,0.01,0.0,0.0,0.0,100.29,Sodic Mafic Metabasite,Blueschist Facies,Massonne & Kopp (2005) Eur. J. Mineral.
AU-BLU-03,Augite,Blueschist Augite,53.96,0.13,4.63,0.11,1.23,7.68,0.11,12.09,19.43,1.24,0.01,0.0,0.0,0.0,100.62,Sodic Mafic Metabasite,Blueschist Facies,Massonne & Kopp (2005) Eur. J. Mineral.
AU-BLU-04,Augite,Blueschist Augite,53.05,0.2,4.58,0.09,1.33,7.67,0.1,12.04,19.83,1.27,0.01,0.0,0.0,0.0,100.17,Sodic Mafic Metabasite,Blueschist Facies,Massonne & Kopp (2005) Eur. J. Mineral.
AU-BLU-05,Augite,Blueschist Augite,53.12,0.2,4.55,0.12,1.28,7.69,0.1,12.07,19.86,1.21,0.01,0.0,0.0,0.0,100.21,Sodic Mafic Metabasite,Blueschist Facies,Massonne & Kopp (2005) Eur. J. Mineral.
OL-FOR-01,Olivine,Forsteritic Olivine,40.7,0.01,0.02,0.03,0.04,9.34,0.1,50.0,0.06,0.01,0.01,0.01,0.01,0.0,100.34,Meta-peridotite,Granulite Facies,"Deer, Howie & Zussman (2013) Rock-Forming Minerals"
OL-FOR-02,Olivine,Forsteritic Olivine,41.18,0.01,0.02,0.06,0.05,9.15,0.13,49.35,0.06,0.01,0.01,0.01,0.01,0.0,100.05,Meta-peridotite,Granulite Facies,"Deer, Howie & Zussman (2013) Rock-Forming Minerals"
OL-FOR-03,Olivine,Forsteritic Olivine,40.67,0.01,0.01,0.06,0.05,9.22,0.15,49.17,0.06,0.01,0.01,0.01,0.01,0.0,99.44,Meta-peridotite,Granulite Facies,"Deer, Howie & Zussman (2013) Rock-Forming Minerals"
OL-FOR-04,Olivine,Forsteritic Olivine,41.13,0.01,0.02,0.06,0.05,9.26,0.14,49.18,0.07,0.01,0.01,0.01,0.01,0.0,99.96,Meta-peridotite,Granulite Facies,"Deer, Howie & Zussman (2013) Rock-Forming Minerals"
OL-FOR-05,Olivine,Forsteritic Olivine,40.89,0.01,0.02,0.05,0.05,8.91,0.15,49.5,0.05,0.01,0.01,0.01,0.01,0.0,99.67,Meta-peridotite,Granulite Facies,"Deer, Howie & Zussman (2013) Rock-Forming Minerals"
OL-FAY-01,Olivine,Fayalitic Olivine,32.61,0.02,0.06,0.01,0.12,47.88,0.88,18.45,0.13,0.01,0.01,0.05,0.0,0.0,100.23,Eulysite (Fe-Granulite),Granulite Facies,Vrana (2005) J. Geosci.
OL-FAY-02,Olivine,Fayalitic Olivine,32.51,0.02,0.05,0.01,0.14,48.07,0.92,18.21,0.13,0.01,0.01,0.05,0.0,0.0,100.13,Eulysite (Fe-Granulite),Granulite Facies,Vrana (2005) J. Geosci.
OL-FAY-03,Olivine,Fayalitic Olivine,32.48,0.02,0.05,0.01,0.12,48.3,0.85,18.32,0.1,0.01,0.01,0.04,0.0,0.0,100.31,Eulysite (Fe-Granulite),Granulite Facies,Vrana (2005) J. Geosci.
OL-FAY-04,Olivine,Fayalitic Olivine,32.43,0.02,0.04,0.01,0.11,48.42,0.74,18.4,0.11,0.01,0.01,0.06,0.0,0.0,100.36,Eulysite (Fe-Granulite),Granulite Facies,Vrana (2005) J. Geosci.
OL-FAY-05,Olivine,Fayalitic Olivine,32.63,0.02,0.06,0.01,0.11,48.66,0.7,18.28,0.12,0.01,0.01,0.05,0.0,0.0,100.66,Eulysite (Fe-Granulite),Granulite Facies,Vrana (2005) J. Geosci.
OL-CON-01,Olivine,Contact Metamorphic Ol,39.28,0.01,0.01,0.02,0.07,18.24,0.31,42.38,0.09,0.01,0.01,0.01,0.0,0.0,100.44,Skarn / Marble,Contact Metamorphic,Spear (1993) Metamorphic Phase Equilibria
OL-CON-02,Olivine,Contact Metamorphic Ol,39.29,0.01,0.01,0.03,0.11,18.06,0.38,42.57,0.11,0.01,0.01,0.01,0.0,0.0,100.6,Skarn / Marble,Contact Metamorphic,Spear (1993) Metamorphic Phase Equilibria
OL-CON-03,Olivine,Contact Metamorphic Ol,39.3,0.01,0.01,0.02,0.08,18.37,0.31,41.87,0.11,0.01,0.01,0.01,0.0,0.0,100.11,Skarn / Marble,Contact Metamorphic,Spear (1993) Metamorphic Phase Equilibria
OL-CON-04,Olivine,Contact Metamorphic Ol,39.68,0.01,0.01,0.02,0.07,18.1,0.3,42.0,0.08,0.01,0.01,0.01,0.0,0.0,100.3,Skarn / Marble,Contact Metamorphic,Spear (1993) Metamorphic Phase Equilibria
OL-CON-05,Olivine,Contact Metamorphic Ol,39.78,0.01,0.01,0.02,0.07,18.14,0.39,41.91,0.1,0.01,0.01,0.01,0.0,0.0,100.46,Skarn / Marble,Contact Metamorphic,Spear (1993) Metamorphic Phase Equilibria
OM-ECL-01,Omphacite,Eclogite Omphacite,55.69,0.15,9.12,0.05,1.55,4.03,0.04,7.81,14.58,6.38,0.01,0.0,0.0,0.0,99.41,High-pressure Eclogite,Eclogite Facies,Massonne & Kopp (2005) Eur. J. Mineral.
OM-ECL-02,Omphacite,Eclogite Omphacite,55.35,0.11,8.76,0.04,1.51,4.12,0.03,7.7,15.08,6.19,0.01,0.0,0.0,0.0,98.9,High-pressure Eclogite,Eclogite Facies,Massonne & Kopp (2005) Eur. J. Mineral.
OM-ECL-03,Omphacite,Eclogite Omphacite,55.48,0.13,9.3,0.05,1.45,4.2,0.03,7.85,14.74,6.29,0.01,0.0,0.0,0.0,99.53,High-pressure Eclogite,Eclogite Facies,Massonne & Kopp (2005) Eur. J. Mineral.
OM-ECL-04,Omphacite,Eclogite Omphacite,55.4,0.16,9.55,0.05,1.45,4.2,0.02,8.17,15.08,6.08,0.01,0.0,0.0,0.0,100.17,High-pressure Eclogite,Eclogite Facies,Massonne & Kopp (2005) Eur. J. Mineral.
OM-ECL-05,Omphacite,Eclogite Omphacite,55.38,0.14,9.45,0.04,1.6,4.17,0.03,7.89,14.76,6.08,0.01,0.0,0.0,0.0,99.55,High-pressure Eclogite,Eclogite Facies,Massonne & Kopp (2005) Eur. J. Mineral.
OM-BLU-01,Omphacite,Blueschist Omphacite,56.86,0.08,12.0,0.08,1.81,3.13,0.02,5.55,11.96,7.49,0.01,0.0,0.0,0.0,98.99,HP Metabasite,Blueschist Facies,Massonne & Kopp (2005) Eur. J. Mineral.
OM-BLU-02,Omphacite,Blueschist Omphacite,56.52,0.05,12.27,0.07,1.88,3.15,0.03,5.32,11.9,7.89,0.01,0.0,0.0,0.0,99.09,HP Metabasite,Blueschist Facies,Massonne & Kopp (2005) Eur. J. Mineral.
OM-BLU-03,Omphacite,Blueschist Omphacite,56.72,0.07,11.93,0.06,1.89,3.02,0.02,5.4,11.86,7.89,0.01,0.0,0.0,0.0,98.87,HP Metabasite,Blueschist Facies,Massonne & Kopp (2005) Eur. J. Mineral.
OM-BLU-04,Omphacite,Blueschist Omphacite,56.01,0.08,12.09,0.06,1.74,3.11,0.02,5.63,12.41,7.94,0.01,0.0,0.0,0.0,99.1,HP Metabasite,Blueschist Facies,Massonne & Kopp (2005) Eur. J. Mineral.
OM-BLU-05,Omphacite,Blueschist Omphacite,57.28,0.07,12.39,0.1,1.78,3.24,0.02,5.65,11.62,7.54,0.01,0.0,0.0,0.0,99.7,HP Metabasite,Blueschist Facies,Massonne & Kopp (2005) Eur. J. Mineral.
OM-RET-01,Omphacite,Retrogressed Omphacite,53.99,0.23,6.97,0.02,1.09,5.51,0.05,9.55,17.41,4.05,0.01,0.0,0.0,0.0,98.88,Symplectitic Eclogite,Eclogite Facies,"Deer, Howie & Zussman (2013) Rock-Forming Minerals"
OM-RET-02,Omphacite,Retrogressed Omphacite,53.73,0.27,6.68,0.02,1.13,5.62,0.06,9.21,17.91,4.33,0.01,0.0,0.0,0.0,98.97,Symplectitic Eclogite,Eclogite Facies,"Deer, Howie & Zussman (2013) Rock-Forming Minerals"
OM-RET-03,Omphacite,Retrogressed Omphacite,54.35,0.2,6.93,0.02,1.05,5.65,0.05,9.39,17.24,3.96,0.01,0.0,0.0,0.0,98.85,Symplectitic Eclogite,Eclogite Facies,"Deer, Howie & Zussman (2013) Rock-Forming Minerals"
OM-RET-04,Omphacite,Retrogressed Omphacite,54.36,0.06,6.99,0.02,1.1,5.42,0.06,9.37,17.54,4.03,0.01,0.0,0.0,0.0,98.96,Symplectitic Eclogite,Eclogite Facies,"Deer, Howie & Zussman (2013) Rock-Forming Minerals"
OM-RET-05,Omphacite,Retrogressed Omphacite,54.42,0.23,6.49,0.02,1.1,5.65,0.05,9.49,17.35,4.2,0.01,0.0,0.0,0.0,99.01,Symplectitic Eclogite,Eclogite Facies,"Deer, Howie & Zussman (2013) Rock-Forming Minerals"
SA-UHT-01,Sapphirine,UHT Mg-rich,13.43,0.05,64.17,0.02,0.47,2.25,0.02,19.54,0.03,0.01,0.01,0.0,0.0,0.0,100.0,Mg-Al Pelitic Granulite,Granulite Facies,Dwivedi et al. (2015) J. Earth Syst. Sci.
SA-UHT-02,Sapphirine,UHT Mg-rich,13.09,0.05,64.38,0.02,0.46,2.16,0.02,19.52,0.02,0.01,0.01,0.0,0.0,0.0,99.74,Mg-Al Pelitic Granulite,Granulite Facies,Dwivedi et al. (2015) J. Earth Syst. Sci.
SA-UHT-03,Sapphirine,UHT Mg-rich,13.16,0.05,63.86,0.02,0.62,2.25,0.02,19.9,0.02,0.01,0.01,0.0,0.0,0.0,99.92,Mg-Al Pelitic Granulite,Granulite Facies,Dwivedi et al. (2015) J. Earth Syst. Sci.
SA-UHT-04,Sapphirine,UHT Mg-rich,12.97,0.06,64.36,0.02,0.51,2.02,0.02,19.66,0.03,0.01,0.01,0.0,0.0,0.0,99.67,Mg-Al Pelitic Granulite,Granulite Facies,Dwivedi et al. (2015) J. Earth Syst. Sci.
SA-UHT-05,Sapphirine,UHT Mg-rich,13.67,0.05,63.93,0.01,0.57,2.26,0.02,19.34,0.02,0.01,0.01,0.0,0.0,0.0,99.89,Mg-Al Pelitic Granulite,Granulite Facies,Dwivedi et al. (2015) J. Earth Syst. Sci.
SA-UHT-01,Sapphirine,UHT Fe-bearing,13.88,0.12,61.2,0.05,1.28,7.62,0.08,15.4,0.04,0.02,0.01,0.0,0.0,0.0,99.7,Charnockitic Granulite,Granulite Facies,Vrana (2005) J. Geosci.
SA-UHT-02,Sapphirine,UHT Fe-bearing,14.22,0.12,61.19,0.05,1.26,7.77,0.09,15.32,0.04,0.02,0.01,0.0,0.0,0.0,100.09,Charnockitic Granulite,Granulite Facies,Vrana (2005) J. Geosci.
SA-UHT-03,Sapphirine,UHT Fe-bearing,14.2,0.12,60.92,0.05,1.29,7.87,0.07,15.42,0.06,0.02,0.01,0.0,0.0,0.0,100.03,Charnockitic Granulite,Granulite Facies,Vrana (2005) J. Geosci.
SA-UHT-04,Sapphirine,UHT Fe-bearing,14.1,0.1,61.85,0.04,1.17,7.88,0.07,14.65,0.03,0.02,0.01,0.0,0.0,0.0,99.92,Charnockitic Granulite,Granulite Facies,Vrana (2005) J. Geosci.
SA-UHT-05,Sapphirine,UHT Fe-bearing,14.62,0.1,61.1,0.05,1.15,7.59,0.07,15.17,0.04,0.02,0.01,0.0,0.0,0.0,99.92,Charnockitic Granulite,Granulite Facies,Vrana (2005) J. Geosci.
SA-HP -01,Sapphirine,HP Mg-Al Granulite,12.27,0.09,65.23,0.18,0.44,3.18,0.03,18.37,0.02,0.02,0.01,0.0,0.0,0.0,99.84,HP Pelitic Granulite,Granulite Facies,Kelsey & Hand (2015) GSL Special Publ.
SA-HP -02,Sapphirine,HP Mg-Al Granulite,13.14,0.07,64.93,0.13,0.46,2.95,0.03,17.9,0.02,0.02,0.01,0.0,0.0,0.0,99.66,HP Pelitic Granulite,Granulite Facies,Kelsey & Hand (2015) GSL Special Publ.
SA-HP -03,Sapphirine,HP Mg-Al Granulite,12.48,0.09,64.78,0.15,0.37,3.24,0.02,18.61,0.02,0.02,0.01,0.0,0.0,0.0,99.79,HP Pelitic Granulite,Granulite Facies,Kelsey & Hand (2015) GSL Special Publ.
SA-HP -04,Sapphirine,HP Mg-Al Granulite,12.67,0.07,65.07,0.14,0.42,3.15,0.03,18.04,0.02,0.02,0.01,0.0,0.0,0.0,99.64,HP Pelitic Granulite,Granulite Facies,Kelsey & Hand (2015) GSL Special Publ.
SA-HP -05,Sapphirine,HP Mg-Al Granulite,13.16,0.08,65.42,0.13,0.42,2.99,0.03,18.08,0.02,0.02,0.01,0.0,0.0,0.0,100.36,HP Pelitic Granulite,Granulite Facies,Kelsey & Hand (2015) GSL Special Publ.
